id,ticker_id,date,price,score_total,score_technical,score_fundamental,score_sentiment,score_regime,trend,regime,rsi,ema20,ema50,ema200,macd,macd_signal,atr,volume,volume_ratio,rs_rank,pct_ytd,pct_1y,pct_30d,pct_1d,dist_52w_high,dist_52w_low,rs_vs_spy,pe_ratio,ps_ratio,market_cap,target_price,stop_loss,risk_reward,symbol,name,market,sector
17625,31,2026-03-24,178.26,86.1,93.8,72.0,,100.0,bullish,high_volatility,74.22,168.9418,158.3025,139.1926,6.7335,6.1166,5.2171,176986.0,0.05,94.2,,47.27,15.12,0.85,-0.04,98.99,42.77,16.54,0.54,71.437,,,,PSX,Phillips 66,US,Energy
17621,27,2026-03-24,127.53,85.0,93.8,69.0,,100.0,bullish,high_volatility,77.91,120.0739,111.8602,99.0152,5.0699,4.4978,3.0919,23722.0,0.0,95.7,,29.41,16.06,0.27,0.0,59.57,41.18,20.08,2.58,155.885,,,,COP,ConocoPhillips,US,Energy
17624,30,2026-03-24,239.11,84.6,90.8,72.0,,100.0,bullish,high_volatility,73.05,223.0421,207.2397,184.7221,10.7216,10.0975,7.9938,94873.0,0.03,97.8,,62.87,24.01,2.83,0.0,106.02,49.29,18.07,0.53,70.475,,,,MPC,Marathon Petroleum Corporation,US,Energy
17619,25,2026-03-24,161.83,83.4,90.8,69.0,,100.0,bullish,high_volatility,73.52,154.9966,146.322,125.7294,4.374,3.8568,3.9695,97003.0,0.0,95.0,,44.93,7.34,0.43,0.0,67.51,41.32,24.15,2.08,674.307,,,,XOM,Exxon Mobil Corporation,US,Energy
17622,28,2026-03-24,140.73,81.1,87.8,67.0,,100.0,bullish,high_volatility,79.07,132.501,123.8219,115.8946,5.56,5.1953,3.3972,83360.0,0.01,93.5,,16.6,15.06,0.75,0.0,39.59,40.81,15.43,3.37,76.36,,,,EOG,"EOG Resources, Inc.",US,Energy
17620,26,2026-03-24,206.05,80.3,84.8,69.0,,100.0,neutral,high_volatility,81.21,194.6473,183.3076,162.5651,6.5987,5.8142,3.9562,70176.0,0.0,97.1,,30.7,11.43,0.41,0.0,61.01,42.34,31.08,2.23,411.967,,,,CVX,Chevron Corporation,US,Energy
17623,29,2026-03-24,48.94,78.1,82.8,66.0,,100.0,neutral,high_volatility,58.09,47.878,47.0619,41.2716,-0.2383,-0.4634,1.8754,28222.0,0.0,90.6,,23.04,-4.49,-0.63,-5.61,57.86,31.87,20.83,2.06,73.465,,,,SLB,SLB N.V.,US,Energy
17721,128,2026-03-24,3403.0,75.9,77.8,67.0,,100.0,neutral,high_volatility,69.39,3264.1833,3067.3554,2821.3444,134.6358,132.1252,73.9139,2044959.0,0.12,88.5,,23.12,14.77,1.45,-2.04,48.56,29.4,15.12,0.72,191.23,,,,SHEL.L,Shell plc,EU,Energy
19059,5723,2026-03-24,389.4200134277344,73.8,80.0,75.0,50.0,,bullish,,47.430853630029,,,,,,26.692145211356028,,,,,,4.332220610243631,-3.6923438729858926,,,,,,,469.5,349.38,2.0,MU,"Micron Technology, Inc.",CUSTOM,Technology
17704,111,2026-03-24,27.3,72.4,82.0,52.0,,100.0,bullish,high_volatility,58.93,24.1543,21.4898,18.8438,1.7171,1.6844,4.2406,0.0,,99.3,,41.6,29.94,4.4,-47.83,102.67,97.33,,,,,,,^VIX,CBOE Volatility Index,US,ETF
17651,57,2026-03-24,360.095,69.1,75.0,53.0,,100.0,bullish,high_volatility,57.16,352.3273,335.5378,262.1413,4.328,4.191,14.8866,119927.0,0.02,96.4,,138.84,-3.6,-0.47,-8.83,186.19,42.64,37.01,10.13,285.775,,,,AMAT,"Applied Materials, Inc.",US,
17652,58,2026-03-24,230.84,65.8,68.6,53.0,,100.0,neutral,high_volatility,54.86,225.3305,218.3825,167.0089,1.2677,-0.2984,11.3212,165849.0,0.01,92.1,,206.61,-4.6,-1.06,-7.36,293.52,35.31,47.3,14.1,289.942,,,,LRCX,Lam Research Corporation,US,
17692,99,2026-03-24,60.13,64.2,61.8,58.0,,100.0,neutral,high_volatility,80.73,57.1465,53.908,47.548,1.7566,1.6018,1.1786,2164158.0,0.03,92.8,,35.2,9.74,0.84,0.0,62.38,40.34,23.11,,11.21,,,,XLE,State Street Energy Select Sector SPDR ETF,US,ETF
17730,138,2026-03-24,,62.5,52.8,66.0,,100.0,neutral,high_volatility,68.76,21.2446,19.3488,16.2798,1.3239,1.215,0.573,5516573.0,0.33,,,,,,-4.86,113.7,48.27,29.15,0.8,66.882,,,,ENI.MI,Eni S.p.A.,EU,Energy
17765,173,2026-03-24,5.835,62.2,61.0,54.0,,100.0,neutral,high_volatility,58.91,5.4728,5.2555,5.2315,0.2385,0.2077,0.2877,2432787.0,0.05,82.0,,29.67,10.3,0.26,-26.05,85.83,20.14,-129.27,0.17,14.755,,,,NIO,NIO Inc.,US,
17648,54,2026-03-24,136.3454,61.4,74.0,34.0,,100.0,bullish,high_volatility,66.68,125.9602,123.6827,132.6524,3.3139,1.6619,5.9352,211631.0,0.05,84.9,,14.51,10.15,-0.4,-23.67,58.87,23.79,181.79,31.0,144.799,,,,ARM,Arm Holdings plc,US,Technology
17674,81,2026-03-24,50.8801,60.4,59.0,52.0,,100.0,neutral,high_volatility,52.83,51.79,47.2334,36.4621,1.4103,2.1608,3.3092,136885.0,0.01,98.6,,55.79,1.17,-0.78,-11.97,127.55,49.23,-11.18,10.38,20.178,,,,MRNA,"Moderna, Inc.",US,Healthcare
17640,46,2026-03-24,90.86,59.6,54.5,56.0,,100.0,neutral,high_volatility,50.19,91.3515,89.3148,81.1088,0.3157,0.7543,2.1313,329855.0,0.03,80.6,,32.0,-2.74,0.7,-4.39,45.94,17.73,27.53,6.91,189.309,,,,NEE,"NextEra Energy, Inc.",US,
17660,66,2026-03-24,220.655,58.8,77.0,23.0,,100.0,neutral,high_volatility,60.21,205.2012,196.6729,192.3921,9.6312,8.1022,10.266,9526.0,0.0,78.4,,85.08,37.75,0.0,-12.89,127.29,12.64,152.72,35.82,77.666,,,,NET,"Cloudflare, Inc.",US,
17650,56,2026-03-24,89.3,57.4,62.0,40.0,,100.0,neutral,high_volatility,58.72,86.9386,84.6069,82.9054,2.4252,2.2023,4.2345,238773.0,0.01,71.9,,27.29,14.8,-0.95,-10.81,81.26,8.82,29.09,9.53,78.089,,,,MRVL,"Marvell Technology, Inc.",US,
17629,35,2026-03-24,113.595,56.2,42.0,64.0,,100.0,neutral,high_volatility,45.5,115.6542,111.9868,103.383,0.4137,1.372,3.22,52304.0,0.01,82.7,,14.16,0.22,-1.16,-5.96,37.13,23.98,13.97,0.49,51.442,,,,TGT,Target Corporation,US,Consumer
17641,47,2026-03-24,127.05,55.7,55.0,45.0,,100.0,neutral,high_volatility,45.73,129.2839,126.2719,120.5928,0.8597,1.8004,2.1137,49015.0,0.01,76.3,,10.45,-0.58,-0.23,-4.8,16.97,13.61,20.1,3.11,98.803,,,,DUK,Duke Energy Corporation,US,
17644,50,2026-03-24,958.5197,54.8,54.0,44.0,,100.0,neutral,high_volatility,59.42,955.3806,906.09,838.1051,20.4685,25.9491,21.6429,109770.0,0.16,89.2,,17.51,1.91,-0.87,-2.63,32.73,30.6,69.81,10.17,94.179,,,,EQIX,"Equinix, Inc.",US,
17718,125,2026-03-24,,54.6,36.8,75.0,,70.0,bearish,high_volatility,72.42,71.2869,66.2076,58.0458,3.365,2.9385,2.0347,2019776.0,0.26,,,,,,-3.3,65.15,41.38,15.29,0.9,163.466,,,,TTE.PA,TotalEnergies SE,EU,Energy
17673,80,2026-03-24,2.2699,53.0,55.0,38.0,,100.0,neutral,high_volatility,53.97,2.203,2.1693,2.0753,0.0645,0.0508,0.1704,1768530.0,0.02,65.5,,48.36,23.36,-1.74,-45.04,224.27,11.02,-10.57,4.46,3.164,,,,PLUG,Plug Power Inc.,US,
17653,59,2026-03-24,1494.84,52.2,52.0,40.0,,100.0,neutral,high_volatility,54.34,1472.1772,1437.4278,1198.1877,11.2139,5.4191,65.3076,19362.0,0.02,86.3,,113.19,0.48,-1.1,-11.15,161.25,21.7,43.57,15.41,196.411,,,,KLAC,KLA Corporation,US,
17615,21,2026-03-24,115.68,51.8,35.0,62.0,,100.0,neutral,high_volatility,47.38,116.005,113.7562,98.6549,-0.3988,0.007,2.5874,9095700.0,0.82,81.3,,26.55,-4.68,1.31,-5.97,63.17,18.72,15.89,4.4,286.006,,,,MRK,"Merck & Co., Inc.",US,Healthcare
17805,131,2026-03-24,,50.5,61.8,22.0,,100.0,neutral,high_volatility,61.83,523.9633,492.7017,450.9415,23.1513,20.8406,16.5838,,,,,,,,,,,,,,,,,BP.L,,EU,Energy
